Date,Open,High,Low,Close,Adj Close,Volume
2020-09-01,376.600006,391.380005,373.559998,391.160004,391.160004,1363100
2020-09-02,398.109985,399.899994,387.079987,398.290009,398.290009,1631300
2020-09-03,393.390015,396.829987,376.369995,377.869995,377.869995,2412900
2020-09-04,372.390015,376.399994,345.970001,361.410004,361.410004,3111700
2020-09-08,351.01001,365,348.5,349.799988,349.799988,3512500
2020-09-09,334.829987,334.920013,315.25,323.929993,323.929993,8543100
2020-09-10,326.899994,336.279999,317.670013,320,320,3416600
2020-09-11,323,323,308.630005,313.390015,313.390015,3090400
2020-09-14,315.98999,317.75,311.130005,313.820007,313.820007,1775600
2020-09-15,318.329987,319,312.679993,315.48999,315.48999,1836700
2020-09-16,316.320007,317.429993,309.579987,309.98999,309.98999,1689900
2020-09-17,304.149994,308.839996,301.549988,303.109985,303.109985,2258100
2020-09-18,304.730011,304.799988,290.570007,294.76001,294.76001,3042800
2020-09-21,289.649994,295.679993,287.209991,295.559998,295.559998,2257300
2020-09-22,297.619995,314.149994,296.769989,313.600006,313.600006,4030400
2020-09-23,325.339996,331.850006,313.790009,316.769989,316.769989,4646000
2020-09-24,312.890015,320.920013,303.209991,315.579987,315.579987,2451300
2020-09-25,315.609985,316.5,308.589996,315.350006,315.350006,1788000
2020-09-28,317.880005,319.290009,310.600006,318.730011,318.730011,1448500
2020-09-29,318.73999,325.23999,315.970001,323.670013,323.670013,1342200
2020-09-30,328.799988,334.339996,326.809998,329.369995,329.369995,2001800
2020-10-01,334.01001,343.269989,332.619995,341.049988,341.049988,1715900
2020-10-02,333,339.26001,327.730011,332.670013,332.670013,1848400
2020-10-05,334,337.970001,327.029999,337.869995,337.869995,1397600
2020-10-06,335.660004,339.48999,327.390015,329.290009,329.290009,1575500
2020-10-07,333.380005,339.200012,333.100006,338.910004,338.910004,1225800
2020-10-08,343.899994,343.940002,337.170013,337.940002,337.940002,1077500
2020-10-09,340.809998,349.350006,338.399994,346.459991,346.459991,1726000
2020-10-12,351.200012,351.549988,342.829987,348,348,1236500
2020-10-13,350,359.23999,348.200012,356.290009,356.290009,1402000
2020-10-14,358.890015,358.890015,346.309998,352.070007,352.070007,1127800
2020-10-15,345.119995,354.730011,345,353.609985,353.609985,761800
2020-10-16,356.149994,358.570007,348.290009,349.950012,349.950012,868900
2020-10-19,351,352.309998,336.049988,336.459991,336.459991,1367200
2020-10-20,338.26001,338.630005,329.880005,330.040009,330.040009,1276800
2020-10-21,331.160004,336.660004,325.160004,325.5,325.5,1623700
2020-10-22,326.529999,327.369995,316.480011,325.670013,325.670013,1847000
2020-10-23,327.01001,334.190002,322.820007,333.920013,333.920013,1164100
2020-10-26,336.100006,340.850006,325.649994,331.600006,331.600006,1416700
2020-10-27,332.880005,337.290009,330.51001,333.809998,333.809998,891700
2020-10-28,330.390015,333,326.26001,329.51001,329.51001,1088500
2020-10-29,332.980011,335.200012,326.420013,330.149994,330.149994,803400
2020-10-30,326.690002,328.670013,314.630005,319.290009,319.290009,1398200
2020-11-02,321.019989,324.230011,307.809998,315.5,315.5,1327300
2020-11-03,317.5,328.859985,312.049988,327.130005,327.130005,1196400
2020-11-04,336.75,342.25,331.079987,340.179993,340.179993,1381500
2020-11-05,345.209991,348.51001,338.25,347.179993,347.179993,1187500
2020-11-06,348.149994,349.640015,343.019989,343.799988,343.799988,990000
2020-11-09,351.5,353.929993,326.649994,326.959991,326.959991,1882500
2020-11-10,326.179993,328.519989,311.040009,322.190002,322.190002,1520100
2020-11-11,325.609985,337.859985,322.190002,336.679993,336.679993,984500
2020-11-12,335,338.899994,328.570007,329.910004,329.910004,897000
2020-11-13,330.5,332.649994,324.5,325.450012,325.450012,792100
2020-11-16,324.019989,333.76001,322.170013,331.769989,331.769989,915800
2020-11-17,331,340.700012,327.209991,338.399994,338.399994,799800
2020-11-18,339.809998,342.589996,333.850006,336.929993,336.929993,917700
2020-11-19,336.320007,345.359985,332.160004,344.600006,344.600006,898100
2020-11-20,342.700012,349.980011,340.299988,345.73999,345.73999,843200
2020-11-23,348.450012,351.410004,343.619995,348.529999,348.529999,805700
2020-11-24,350.570007,352,344.410004,349.549988,349.549988,678100
2020-11-25,350,358.25,348.179993,357.799988,357.799988,1085600
2020-11-27,361.660004,365.779999,358.01001,365.390015,365.390015,847800
2020-11-30,367.779999,371.980011,357.48999,370.220001,370.220001,1632200
2020-12-01,373.209991,379.690002,370.440002,377.519989,377.519989,1510600
2020-12-02,375.690002,381.369995,371.579987,372.600006,372.600006,1090200
2020-12-03,374.209991,383.540009,373.380005,375.420013,375.420013,1524000
2020-12-04,378.869995,380.25,374.359985,377.059998,377.059998,1267800
2020-12-07,376.299988,376.549988,366.660004,371.480011,371.480011,2041800
2020-12-08,372.029999,375.670013,367,371.070007,371.070007,1569200
2020-12-09,374.51001,378.5,361.839996,363.559998,363.559998,1722300
2020-12-10,367.019989,370.679993,359.779999,369.070007,369.070007,2700600
2020-12-11,366.329987,366.570007,343.279999,344.320007,344.320007,6440600
2020-12-14,344,354.829987,337.070007,352.369995,352.369995,2712300
2020-12-15,355.940002,360.809998,353.619995,356.070007,356.070007,2078600
2020-12-16,357.209991,363.5,351.570007,363.100006,363.100006,2086700
2020-12-17,367,387.369995,363.98999,386.070007,386.070007,3870300
2020-12-18,387.059998,387.220001,373.179993,378.049988,378.049988,2698300
2020-12-21,373.359985,377.769989,369.459991,373.399994,373.399994,1714600
2020-12-22,373.75,375,357.519989,360.070007,360.070007,2334000
2020-12-23,363,363.98999,354.910004,355.130005,355.130005,1348800
2020-12-24,355,356.390015,350.450012,351.420013,351.420013,757800
2020-12-28,355.190002,355.190002,345.5,351.359985,351.359985,1353000
2020-12-29,353.76001,354.220001,343.670013,353.220001,353.220001,1227100
2020-12-30,355,356,349.799988,350.779999,350.779999,1197000
2020-12-31,349.279999,351.809998,346.76001,348.029999,348.029999,792000
2021-01-04,351.670013,356.829987,346.410004,356.399994,356.399994,2015300
2021-01-05,357.890015,369.440002,357.380005,366.5,366.5,2122900
2021-01-06,362.109985,367.600006,357.480011,363.25,363.25,1170800
2021-01-07,366.869995,374.200012,364.600006,367.290009,367.290009,1103000
2021-01-08,367.359985,370.540009,362.589996,365.459991,365.459991,994900
2021-01-11,354.130005,373.079987,352.339996,361.660004,361.660004,1754000
2021-01-12,361.600006,362.25,351.140015,356.929993,356.929993,1628000
2021-01-13,357.75,359.01001,350.5,352.140015,352.140015,1108700
2021-01-14,352.299988,357.589996,347.51001,347.730011,347.730011,1047700
2021-01-15,347,347.200012,337.429993,344.5,344.5,1401200
2021-01-19,346.48999,348.549988,340.149994,342.25,342.25,1200100
2021-01-20,344.910004,357.130005,343.809998,355.119995,355.119995,1311000
2021-01-21,356.76001,358.049988,348.799988,349.220001,349.220001,840900
2021-01-22,349.149994,350.170013,344.420013,346.369995,346.369995,651600
2021-01-25,347.140015,350,335,339.98999,339.98999,1784500
2021-01-26,340.5,340.5,328.649994,330.559998,330.559998,1962300
2021-01-27,325.5,331.48999,312.899994,329.51001,329.51001,2104000
2021-01-28,330.799988,336.5,328.700012,330.23999,330.23999,1673400
2021-01-29,327.850006,330.809998,322.01001,328.679993,328.679993,1258000
2021-02-01,329.380005,334.220001,324.399994,333.470001,333.470001,1410700
2021-02-02,335.820007,344.329987,334.670013,343.920013,343.920013,1154200
2021-02-03,344.98999,345,331.519989,332.390015,332.390015,1367900
2021-02-04,335.339996,340,334.350006,338.589996,338.589996,1143200
2021-02-05,340.200012,340.200012,332.910004,334.079987,334.079987,1226700
2021-02-08,335.950012,342.429993,334.119995,339.709991,339.709991,1039200
2021-02-09,336.649994,342.329987,334.149994,340.690002,340.690002,948100
2021-02-10,341.200012,344.910004,338.01001,341.390015,341.390015,919100
2021-02-11,344.720001,347,340.859985,345.890015,345.890015,950400
2021-02-12,345.01001,345.670013,339.25,342.859985,342.859985,829500
2021-02-16,344.190002,345,339.230011,339.850006,339.850006,862000
2021-02-17,338.070007,338.589996,331.190002,337.519989,337.519989,869100
2021-02-18,334.850006,338.420013,325.75,336.829987,336.829987,1242800
2021-02-19,337,338.190002,331.119995,332.230011,332.230011,1171800
2021-02-22,328.809998,328.809998,319.309998,321.48999,321.48999,1324400
2021-02-23,315.769989,325.51001,304.869995,322.850006,322.850006,1948100
2021-02-24,318.790009,321.179993,312.51001,317.700012,317.700012,1127900
2021-02-25,316.200012,326.190002,308.579987,310.119995,310.119995,1278400
2021-02-26,312.350006,316.579987,306.399994,311.679993,311.679993,1460800
2021-03-01,313.089996,317.350006,312.109985,314.829987,314.829987,1315000
2021-03-02,316.51001,321.25,312.100006,317.470001,317.470001,1371100
2021-03-03,313.690002,315.75,295.679993,295.98999,295.98999,2479200
2021-03-04,296.410004,299.279999,280.480011,285.140015,285.140015,3084200
2021-03-05,290.450012,293.820007,269.279999,293.23999,293.23999,2596200
2021-03-08,291.170013,295.869995,288.049988,288.940002,288.940002,1966500
2021-03-09,296.950012,304.850006,294.779999,298.350006,298.350006,1585200
2021-03-10,302.070007,311.410004,299.190002,309,309,2368300
2021-03-11,313.529999,315.339996,308.73999,310.339996,310.339996,1804500
2021-03-12,304.459991,307.700012,299.01001,306.079987,306.079987,1260700
2021-03-15,306.730011,314.570007,304.170013,314.320007,314.320007,875200
2021-03-16,315.549988,316.890015,305.700012,308.75,308.75,1145600
2021-03-17,303.890015,316.589996,303.890015,315.220001,315.220001,1022000
2021-03-18,311.170013,316.200012,305.279999,306.350006,306.350006,1109900
2021-03-19,305.369995,312.480011,303.51001,308.709991,308.709991,1623600
2021-03-22,309.589996,316.519989,308.76001,313.600006,313.600006,889300
2021-03-23,314.220001,321.299988,312.899994,314.029999,314.029999,1155200
2021-03-24,316.299988,319.700012,306.679993,307.309998,307.309998,1039300
2021-03-25,303.559998,307.850006,298.540009,306.209991,306.209991,1326800
2021-03-26,302.609985,314.149994,302.480011,314,314,1109400
2021-03-29,317.459991,319.799988,310.25,316.160004,316.160004,1475100
2021-03-30,314.519989,320.579987,311.440002,317.089996,317.089996,2537100
2021-03-31,307.649994,311.690002,300.049988,306.709991,306.709991,4932400
2021-04-01,308.290009,308.790009,300.320007,301.070007,301.070007,2987500
2021-04-05,302.859985,302.859985,295.890015,298.75,298.75,2156400
2021-04-06,300.380005,309.329987,298.019989,308.519989,308.519989,2004800
2021-04-07,306.869995,311.320007,304.75,306.040009,306.040009,1162200
2021-04-08,309.970001,313.880005,308.109985,312.559998,312.559998,1550000
2021-04-09,311.450012,319.299988,310.600006,318.119995,318.119995,1357900
2021-04-12,317.779999,324.26001,314.359985,323.869995,323.869995,1246900
2021-04-13,322.670013,324.420013,318.570007,324,324,1077400
2021-04-14,323.859985,325,321.220001,323,323,1060500
2021-04-15,324.540009,328.399994,323.399994,325.829987,325.829987,1058100
2021-04-16,325.51001,325.730011,321.51001,324.100006,324.100006,923200
2021-04-19,321.480011,324.970001,321.480011,322.269989,322.269989,1062600
2021-04-20,322.799988,323.649994,314.829987,316.290009,316.290009,868200
2021-04-21,316.899994,326.679993,316.700012,326.679993,326.679993,1243800
2021-04-22,326.179993,338.880005,326.179993,338.75,338.75,2146700
2021-04-23,338.609985,342.459991,336.709991,340.980011,340.980011,1641400
2021-04-26,340.609985,341.119995,334.839996,337.799988,337.799988,787300
2021-04-27,338,341.480011,336.200012,339.279999,339.279999,617600
2021-04-28,339.269989,342,335.589996,338.059998,338.059998,626000
2021-04-29,340.839996,347,339.170013,342.899994,342.899994,1067300
2021-04-30,342.859985,344.450012,334.98999,335.269989,335.269989,1091600
2021-05-03,336.470001,337.019989,332.76001,335.380005,335.380005,757000
2021-05-04,330,331.98999,321.880005,324.899994,324.899994,1025400
2021-05-05,326.859985,330.73999,321.019989,322.089996,322.089996,823800
2021-05-06,320.5,323.769989,317.290009,321.279999,321.279999,742000
2021-05-07,322.029999,331.549988,322.029999,330.23999,330.23999,859900
2021-05-10,330,331.649994,324.149994,324.26001,324.26001,856900
2021-05-11,318.690002,323.769989,316.399994,322.040009,322.040009,1200000
2021-05-12,317.019989,321.700012,304.299988,305.209991,305.209991,1312800
2021-05-13,307.779999,311.040009,304,307.929993,307.929993,854300
2021-05-14,309.420013,316.769989,309,314.649994,314.649994,606400
2021-05-17,311.5,314.649994,309.119995,314.540009,314.540009,631800
2021-05-18,314.299988,316.579987,310.790009,312.029999,312.029999,653600
2021-05-19,307.459991,310.920013,304.380005,310.309998,310.309998,737700
2021-05-20,310.910004,320.040009,310.720001,319.170013,319.170013,846200
2021-05-21,322.869995,322.869995,310.410004,313.200012,313.200012,1186900
2021-05-24,315.23999,320.399994,313.5,318.190002,318.190002,735700
2021-05-25,320.839996,324.549988,318.820007,324.109985,324.109985,967700
2021-05-26,325.910004,330.029999,324.369995,329.76001,329.76001,1049600
2021-05-27,327.519989,331.399994,323.720001,328.109985,328.109985,1744100
2021-05-28,330.519989,330.519989,323,323.130005,323.130005,909400
2021-06-01,322.440002,323.390015,315.899994,318.619995,318.619995,1318200
2021-06-02,319.910004,321.709991,315.790009,320.779999,320.779999,1124900
2021-06-03,318.630005,320.920013,313.059998,317.359985,317.359985,1954900
2021-06-04,321.859985,331.029999,318.5,329.519989,329.519989,2591100
2021-06-07,330.529999,338.200012,330.109985,331.609985,331.609985,1444400
2021-06-08,334.869995,335.48999,328.329987,331,331,1134100
2021-06-09,331.089996,331.769989,325.600006,327.220001,327.220001,861400
2021-06-10,329.019989,332.76001,327.51001,329.799988,329.799988,671500
2021-06-11,331.100006,338.690002,329.540009,338.299988,338.299988,957700
2021-06-14,340.769989,347.23999,335.200012,337.619995,337.619995,895800
2021-06-15,336.390015,336.570007,333.420013,335.190002,335.190002,644600
2021-06-16,337.519989,339.140015,333.470001,337.26001,337.26001,841200
2021-06-17,335.149994,351.100006,334.5,349.399994,349.399994,2003600
2021-06-18,346.209991,351.26001,343.48999,347.570007,347.570007,1509700
2021-06-21,348.170013,354.48999,345.720001,352.290009,352.290009,829000
2021-06-22,352.279999,360.25,352.049988,359.109985,359.109985,921600
2021-06-23,358.26001,362.170013,357.019989,359.399994,359.399994,684500
2021-06-24,362.839996,364.959991,361.170013,361.910004,361.910004,768200
2021-06-25,365,371,361,363.690002,363.690002,1707700
2021-06-28,365.059998,367.790009,363.519989,363.790009,363.790009,1222100
2021-06-29,363.790009,368.320007,363.149994,366.660004,366.660004,648800
2021-06-30,366.339996,367.25,364.48999,364.970001,364.970001,663900
2021-07-01,363.790009,366.51001,361.51001,364.230011,364.230011,880800
2021-07-02,365.869995,369.549988,365.51001,368.470001,368.470001,697300
2021-07-06,369.950012,372.410004,364.73999,371.369995,371.369995,948000
2021-07-07,374,378,371.26001,377.820007,377.820007,836800
2021-07-08,370.679993,375.149994,368.679993,373.529999,373.529999,795500
2021-07-09,373.910004,378.429993,372.769989,377.420013,377.420013,671400
2021-07-12,375.929993,378,366.579987,368.910004,368.910004,806000
2021-07-13,367.040009,372.619995,365.880005,370.769989,370.769989,647000
2021-07-14,377.339996,385.899994,375.829987,376.98999,376.98999,2119400
2021-07-15,379.609985,380.820007,370.380005,376.170013,376.170013,1186200
2021-07-16,376.410004,378.5,370.980011,371.690002,371.690002,623700
2021-07-19,367.779999,373.720001,364.51001,373.040009,373.040009,903900
2021-07-20,375.269989,387.920013,373.559998,383.299988,383.299988,1637800
2021-07-21,383.200012,386.369995,380.5,383.619995,383.619995,682400
2021-07-22,383.75,397.5,383.75,395.850006,395.850006,1196500
2021-07-23,394.98999,405.950012,394.130005,402.790009,402.790009,1214700
2021-07-26,402.570007,405.940002,392.540009,395.440002,395.440002,799200
2021-07-27,394.269989,394.269989,385.73999,391.429993,391.429993,652300
2021-07-28,392.350006,394.769989,389.130005,393.089996,393.089996,511500
2021-07-29,394.540009,406.23999,394.320007,402.869995,402.869995,1052000
2021-07-30,399.140015,403.209991,397.829987,400.170013,400.170013,563800
2021-08-02,402.769989,406.209991,399.579987,402.649994,402.649994,511900
2021-08-03,402.76001,409.25,402.76001,407.51001,407.51001,575000
2021-08-04,409,413.48999,408.119995,410.470001,410.470001,593200
2021-08-05,411,415.339996,410.630005,414.390015,414.390015,553700
2021-08-06,412.440002,413,406.529999,408.519989,408.519989,609100
2021-08-09,409.089996,410.649994,406.76001,407.640015,407.640015,546300
2021-08-10,407.329987,411.540009,404.579987,405.869995,405.869995,602100
2021-08-11,406.26001,413.48999,405.869995,408.820007,408.820007,567500
2021-08-12,407.519989,410.040009,406.390015,408.910004,408.910004,397400
2021-08-13,409,409.140015,403.170013,408.720001,408.720001,429300
2021-08-16,406.25,407.570007,400.369995,407.420013,407.420013,572900
2021-08-17,403.119995,403.25,388.200012,392.480011,392.480011,1099100
2021-08-18,392.600006,397.350006,390.98999,391.380005,391.380005,512600
2021-08-19,385.5,399,384.359985,396.48999,396.48999,840900
2021-08-20,395.920013,398.200012,391.579987,397.829987,397.829987,635300
2021-08-23,398.570007,406.320007,396.559998,404.359985,404.359985,546300
2021-08-24,403.5,406.829987,402,405.799988,405.799988,491000
2021-08-25,404.850006,409.040009,402.649994,408.320007,408.320007,506100
2021-08-26,408.540009,408.540009,402,404.440002,404.440002,469000
2021-08-27,403.76001,409.339996,402.829987,405.970001,405.970001,465800
2021-08-30,406.440002,417.850006,406.410004,414.519989,414.519989,857700
2021-08-31,413.970001,413.970001,397.359985,400.170013,400.170013,1275500
2021-09-01,400.709991,401.950012,393.679993,395.529999,395.529999,966300
2021-09-02,398.23999,398.850006,386.51001,388.369995,388.369995,884200
2021-09-03,388.269989,390.769989,385.119995,388.329987,388.329987,712300
2021-09-07,394.880005,394.950012,383.01001,386.459991,386.459991,1080300
2021-09-08,384.950012,386.279999,376.369995,380.850006,380.850006,2878300
2021-09-09,433.730011,434.220001,420.269989,420.709991,420.709991,7789600
2021-09-10,424,430.049988,417.089996,425.579987,425.579987,2150600
2021-09-13,428.309998,428.309998,418.98999,425.119995,425.119995,1244600
2021-09-14,426.73999,427.690002,419.390015,420.5,420.5,853700
2021-09-15,420.940002,421.019989,414.089996,418.950012,418.950012,818700
2021-09-16,417.209991,429.799988,417.209991,426.440002,426.440002,978600
2021-09-17,428.399994,432.73999,424.299988,426.549988,426.549988,1546500
2021-09-20,418.100006,425.299988,412.48999,419.529999,419.529999,971500
2021-09-21,422.390015,426.700012,419.549988,424.190002,424.190002,610900
2021-09-22,425.119995,431.279999,422.01001,431.179993,431.179993,948500
2021-09-23,433,437.320007,430,431.910004,431.910004,1490100
2021-09-24,427.440002,433.609985,424.070007,432.609985,432.609985,873300
2021-09-27,430.480011,434.929993,427.809998,430.720001,430.720001,698100
2021-09-28,427.890015,429.450012,413.700012,414.540009,414.540009,1149400
2021-09-29,418.070007,419,408.5,410.220001,410.220001,898900
2021-09-30,410.279999,411.299988,403.320007,404.700012,404.700012,798400
2021-10-01,407.519989,408.190002,399.380005,401.369995,401.369995,787700
2021-10-04,401.309998,401.459991,390.420013,392.570007,392.570007,956600
2021-10-05,399.070007,404.809998,396.679993,397.119995,397.119995,818300
2021-10-06,392.660004,400.679993,392.519989,398.130005,398.130005,810700
2021-10-07,401.01001,408.609985,398.399994,399.720001,399.720001,708700
2021-10-08,401.410004,401.76001,393.720001,397.220001,397.220001,560500
2021-10-11,399.399994,399.399994,385.609985,386.040009,386.040009,790400
2021-10-12,388.440002,389.73999,383.23999,384.570007,384.570007,828100
2021-10-13,390.369995,402.070007,388.329987,400.709991,400.709991,1450500
2021-10-14,404.480011,410.679993,402.079987,406.98999,406.98999,708700
2021-10-15,408.089996,409.410004,403,403.51001,403.51001,815500
2021-10-18,401.25,417.619995,400.299988,417.380005,417.380005,647700
2021-10-19,417.640015,420.579987,414.320007,416.640015,416.640015,493600
2021-10-20,419.660004,423.899994,413.660004,414.399994,414.399994,524600
2021-10-21,416.269989,424.850006,416.140015,424.040009,424.040009,566800
2021-10-22,422.48999,424.570007,418.899994,421.730011,421.730011,444600
2021-10-25,423.73999,430,423.029999,427.940002,427.940002,636700
2021-10-26,431,435,427.109985,432.730011,432.730011,629900
2021-10-27,432.950012,438.359985,428,433.700012,433.700012,533700
2021-10-28,435.309998,443.600006,435.309998,443.459991,443.459991,687400
2021-10-29,446.619995,467.040009,446.079987,466.01001,466.01001,1346200
2021-11-01,468,469.440002,456.100006,458.880005,458.880005,788700
2021-11-02,461.5,470.109985,460.769989,464.640015,464.640015,676700
2021-11-03,466.130005,469.100006,462.160004,467.480011,467.480011,561800
2021-11-04,469.929993,478.660004,469.019989,473.940002,473.940002,676700
2021-11-05,474.279999,477.380005,465.779999,467.910004,467.910004,817600
2021-11-08,471.820007,471.820007,456.76001,466.140015,466.140015,736300
2021-11-09,466.839996,471.839996,465.299988,470.23999,470.23999,613600
2021-11-10,464.549988,467.559998,453.850006,457.359985,457.359985,647500
2021-11-11,461.5,462.910004,452.51001,453,453,507000
2021-11-12,457.440002,457.440002,450.609985,452.589996,452.589996,721600
2021-11-15,455.75,464.670013,454.660004,461.959991,461.959991,737600
2021-11-16,464.51001,485.829987,463.730011,477.910004,477.910004,1390100
2021-11-17,476.779999,477.799988,465.339996,465.839996,465.839996,866700
2021-11-18,469,474.059998,462.049988,473.23999,473.23999,750300
2021-11-19,474.350006,478.279999,469.089996,473,473,872300
2021-11-22,473.429993,473.429993,458.269989,460.929993,460.929993,795800
2021-11-23,460.709991,465.390015,454.779999,458.76001,458.76001,600200
2021-11-24,452.51001,458.390015,446.579987,457.859985,457.859985,633500
2021-11-26,460.179993,462.109985,453.640015,456.579987,456.579987,418700
2021-11-29,458.5,466.720001,455.5,463.26001,463.26001,758900
2021-11-30,463.190002,468.769989,452.200012,454.410004,454.410004,1266300
2021-12-01,459.549988,467.980011,447.959991,448.429993,448.429993,892200
2021-12-02,447.5,454,441.399994,450.679993,450.679993,833000
2021-12-03,453.429993,454.940002,430.670013,435.720001,435.720001,1279200
2021-12-06,435.720001,436.540009,413.059998,423.540009,423.540009,1479900
2021-12-07,434.970001,442.5,431.660004,434.950012,434.950012,1223400
2021-12-08,434.950012,436.380005,421.470001,426,426,1858600
2021-12-09,426.809998,427.470001,415.839996,416.920013,416.920013,3002100
2021-12-10,410,421.390015,402.320007,409.579987,409.579987,2641100
2021-12-13,412.670013,414.880005,401.480011,403.75,403.75,1142000
2021-12-14,398.279999,399.820007,391,395.089996,395.089996,1431900
2021-12-15,394.079987,405,385.149994,402.480011,402.480011,1901300
2021-12-16,402.480011,404.429993,386.450012,390.619995,390.619995,1718400
2021-12-17,384.149994,388.51001,378.5,384.660004,384.660004,2066000
2021-12-20,382.619995,382.950012,366.450012,370.570007,370.570007,2210800
2021-12-21,376.070007,385.220001,375.070007,383.309998,383.309998,1664500
2021-12-22,385.269989,390.910004,383.519989,388.790009,388.790009,1104900
2021-12-23,389.01001,392.529999,383.470001,391.559998,391.559998,906600
2021-12-27,392.980011,401.920013,392.980011,400.75,400.75,926700
2021-12-28,405.959991,406,400,400.070007,400.070007,953600
2021-12-29,400.299988,403,400,401,401,742600
2021-12-30,401.519989,405.399994,398.5,398.690002,398.690002,936500
2021-12-31,400,401.970001,391.269989,391.450012,391.450012,1066000
2022-01-03,392.200012,394.48999,380.609985,387.559998,387.559998,1321900
2022-01-04,387.23999,389.709991,376.01001,380.820007,380.820007,1199600
2022-01-05,381.160004,381.160004,362.209991,362.480011,362.480011,1543600
2022-01-06,358.929993,371.420013,355.679993,368.769989,368.769989,1660200
2022-01-07,366.040009,366.98999,354.320007,355.209991,355.209991,2212200
2022-01-10,329.950012,349.579987,323.5,348.429993,348.429993,4235900
2022-01-11,345.809998,347.48999,337.049988,346.75,346.75,1703100
2022-01-12,348.859985,354.440002,345.480011,352.720001,352.720001,1461600
2022-01-13,353.899994,354.850006,335.730011,336.269989,336.269989,1479400
2022-01-14,333.5,335.480011,325.730011,328.980011,328.980011,1850400
2022-01-18,325.070007,336.329987,324,332.529999,332.529999,1376300
2022-01-19,334.380005,338.100006,329.019989,330.950012,330.950012,997000
2022-01-20,334.5,340.290009,321.649994,322.529999,322.529999,1362500
2022-01-21,321.5,324,312.660004,313.019989,313.019989,1731600
2022-01-24,308.190002,322.390015,296.190002,321.619995,321.619995,2444700
2022-01-25,313.01001,315.799988,305.119995,308.829987,308.829987,1347900
2022-01-26,313.5,319.76001,299.170013,302.76001,302.76001,1457500
2022-01-27,307.839996,312.429993,304.450012,306.519989,306.519989,1421800
2022-01-28,303.26001,316.329987,301.600006,315.910004,315.910004,1348400
2022-01-31,317.339996,334.079987,316.410004,333.76001,333.76001,1903700
2022-02-01,335.480011,346.130005,333.390015,344.910004,344.910004,1818600
2022-02-02,348.859985,353.619995,344.399994,349.190002,349.190002,2267600
2022-02-03,338,345.480011,329.25,330.350006,330.350006,1664300
2022-02-04,329.75,339.519989,329.75,336.369995,336.369995,949900
2022-02-07,336.369995,338.809998,327.809998,332.200012,332.200012,840300
2022-02-08,331.690002,336.140015,327.649994,334.399994,334.399994,665500
2022-02-09,339.209991,343.570007,335,339.640015,339.640015,703200
2022-02-10,332.049988,343.920013,331.179993,334.350006,334.350006,1186400
2022-02-11,333.209991,336.100006,315.630005,316.720001,316.720001,1244200
2022-02-14,316.140015,320.26001,309.970001,313.640015,313.640015,1121900
2022-02-15,320.910004,322.709991,315.109985,318.149994,318.149994,825500
2022-02-16,316.459991,321.23999,312.019989,320.040009,320.040009,783800
2022-02-17,317.459991,321.149994,309.589996,310.029999,310.029999,710300
2022-02-18,313.23999,315.420013,307.01001,308.660004,308.660004,822300
2022-02-22,306.570007,311.589996,300.929993,304.579987,304.579987,1291700
2022-02-23,309.200012,309.519989,295.170013,295.23999,295.23999,997400
2022-02-24,285.779999,311.140015,283.209991,310.359985,310.359985,1507200
2022-02-25,310,318.420013,305.290009,317.579987,317.579987,937000
2022-02-28,312.420013,320.429993,311.329987,319.940002,319.940002,1284700
2022-03-01,321.109985,326.019989,313.299988,315.179993,315.179993,1236600
2022-03-02,317.390015,330.779999,316.76001,330.070007,330.070007,1360900
2022-03-03,330.660004,331.5,320.5,322.839996,322.839996,1094100
2022-03-04,321.26001,323.98999,314.540009,320.579987,320.579987,1131000
2022-03-07,322.630005,324.470001,301.869995,302.380005,302.380005,1452500
2022-03-08,301.859985,306.01001,292.190002,296.519989,296.519989,1637300
2022-03-09,305.920013,306.790009,301.220001,305.820007,305.820007,1574300
2022-03-10,300,303.980011,297.519989,301.73999,301.73999,934700
2022-03-11,306.130005,306.130005,291.380005,291.549988,291.549988,978400
2022-03-14,290.670013,293.76001,283,289.23999,289.23999,1459100
2022-03-15,284.130005,293.01001,278,289.920013,289.920013,1734300
2022-03-16,297.119995,306.390015,292.25,305.100006,305.100006,1252200
2022-03-17,304.029999,309.769989,300.220001,307.600006,307.600006,858800
2022-03-18,304.910004,317.529999,304.75,316.929993,316.929993,1272400
2022-03-21,316.079987,317.029999,303.5,308.220001,308.220001,1043000
2022-03-22,313.290009,318.5,311.709991,315.029999,315.029999,1181000
2022-03-23,313.380005,315.769989,308.179993,310.420013,310.420013,975100
2022-03-24,310.540009,317.829987,306.049988,317.73999,317.73999,1066500
2022-03-25,319,321.839996,316.01001,321.140015,321.140015,1321400
2022-03-28,320.220001,334,319.859985,331.779999,331.779999,2255500
2022-03-29,337,353.390015,336.070007,343.970001,343.970001,3157000
2022-03-30,370,389.149994,358.570007,376.920013,376.920013,8082000
2022-03-31,374.950012,377,364.910004,365.230011,365.230011,2232700
2022-04-01,364.899994,369.230011,362.700012,367.440002,367.440002,1360300
2022-04-04,368.359985,384.399994,368.25,384.179993,384.179993,1812700
2022-04-05,382.679993,383.769989,372.279999,378.98999,378.98999,1497900
2022-04-06,372,374.720001,365,371.829987,371.829987,1472100
2022-04-07,369.779999,380.399994,368.76001,379.230011,379.230011,1265400
2022-04-08,376.540009,378.220001,369.079987,369.459991,369.459991,1268100
2022-04-11,365.559998,372.410004,361.109985,368.73999,368.73999,1269000
2022-04-12,373.26001,390.76001,372.459991,376.160004,376.160004,1787300
2022-04-13,376.109985,398.540009,375.790009,395.029999,395.029999,2184900
2022-04-14,394.859985,398,390.170013,390.779999,390.779999,1505200
2022-04-18,389.350006,393.640015,382.420013,387.559998,387.559998,847100
2022-04-19,395.880005,408.48999,394.470001,404.660004,404.660004,1951400
2022-04-20,410.320007,410.700012,384.869995,385.399994,385.399994,2287300
2022-04-21,388.48999,392,375.01001,377.25,377.25,1747700
2022-04-22,373.730011,376.51001,362.660004,363.660004,363.660004,1640000
2022-04-25,361.600006,368.470001,356.51001,368.089996,368.089996,1350800
2022-04-26,364.23999,366.790009,352.440002,352.529999,352.529999,1336600
2022-04-27,352.540009,361.980011,350.049988,354.019989,354.019989,1124300
2022-04-28,359.350006,367.320007,352.089996,362.429993,362.429993,1004900
2022-04-29,364.019989,371.359985,353.929993,354.630005,354.630005,996900
2022-05-02,354,361.440002,349.630005,360.839996,360.839996,794100
2022-05-03,360.019989,361.450012,353.119995,355.700012,355.700012,738800
2022-05-04,352.779999,365.320007,345.170013,364.670013,364.670013,962000
2022-05-05,359.970001,360.940002,338.329987,343.600006,343.600006,1181000
2022-05-06,336.26001,336.75,309.529999,317.049988,317.049988,2650800
2022-05-09,308.790009,313,291,292.679993,292.679993,2201300
2022-05-10,301.420013,307.839996,288.720001,302.109985,302.109985,1402100
2022-05-11,302.109985,306.540009,290.779999,291.299988,291.299988,1456500
2022-05-12,285,302.790009,281.549988,294,294,1480300
2022-05-13,303.130005,312.579987,301.359985,309.290009,309.290009,1076700
2022-05-16,302.109985,308.660004,300.529999,304.149994,304.149994,758600
2022-05-17,314.880005,316.48999,300.769989,305.480011,305.480011,1223600
2022-05-18,296,296.01001,268.359985,272.519989,272.519989,2832100
2022-05-19,267.700012,278.709991,264.23999,271.220001,271.220001,1971100
2022-05-20,279.890015,280.859985,263.200012,274.040009,274.040009,1846700
2022-05-23,269.920013,273.359985,265.529999,272.839996,272.839996,1312100
2022-05-24,266.399994,267.170013,253.070007,257.51001,257.51001,1861500
2022-05-25,254.880005,264.600006,251.509995,260.660004,260.660004,2576400
2022-05-26,276.429993,289.470001,275.48999,287.480011,287.480011,2340000
2022-05-27,288.820007,297.559998,288.820007,293.649994,293.649994,1852600
2022-05-31,296.359985,298.190002,289.029999,292.690002,292.690002,2958000
2022-06-01,297.850006,299.700012,286.869995,289.959991,289.959991,2197000
2022-06-02,290.549988,303.23999,286.700012,302.579987,302.579987,4300700
2022-06-03,303.450012,305.809998,293.570007,300.799988,300.799988,3997300
2022-06-06,305,308.420013,296.600006,301.619995,301.619995,1850900
2022-06-07,295,307.859985,294.679993,306.190002,306.190002,1285500
2022-06-08,306.549988,312.899994,304.320007,307.769989,307.769989,954200
2022-06-09,303.809998,309.440002,302.130005,302.299988,302.299988,867000
2022-06-10,294.579987,297.5,290.070007,291.600006,291.600006,1184500
2022-06-13,280.420013,282.369995,273.339996,278.579987,278.579987,1750200
2022-06-14,280.440002,284.619995,276.579987,280.5,280.5,931000
2022-06-15,283.209991,290.119995,279.75,285.720001,285.720001,955300
2022-06-16,278.369995,278.369995,267.779999,271.339996,271.339996,1269900
2022-06-17,271.269989,281.230011,271.149994,278.130005,278.130005,1383900
2022-06-21,282.890015,284.5,275.890015,276.450012,276.450012,1128700
2022-06-22,274.119995,280.589996,271.350006,277.880005,277.880005,979300
2022-06-23,282.140015,288.410004,278,286.329987,286.329987,972000
2022-06-24,289.920013,295.709991,288.470001,293.359985,293.359985,1443300
2022-06-27,295.119995,297.059998,284.230011,287.480011,287.480011,1010600
2022-06-28,288.369995,294.059998,278.160004,278.559998,278.559998,939700
2022-06-29,280.459991,286.459991,276.529999,282.980011,282.980011,819600
2022-06-30,277.48999,279.829987,271,272.609985,272.609985,1248200
2022-07-01,269.140015,271.079987,261.029999,263.380005,263.380005,1867900
2022-07-05,263.170013,283.839996,258.790009,283.619995,283.619995,2415000
2022-07-06,284.320007,288.899994,275.76001,280.380005,280.380005,956600
2022-07-07,280.329987,291.869995,278.230011,290.720001,290.720001,931500
2022-07-08,288.910004,295.48999,285.149994,293.390015,293.390015,892500
2022-07-11,281,287.200012,277.100006,281.76001,281.76001,1230100
2022-07-12,282.809998,289,277.049988,279.390015,279.390015,776800
2022-07-13,272.890015,283,271.049988,280.970001,280.970001,797300
2022-07-14,277.350006,280.700012,272.26001,278.98999,278.98999,797600
2022-07-15,280.890015,287.630005,280.600006,286.410004,286.410004,946000
2022-07-18,291.600006,293.540009,283.040009,284.640015,284.640015,700700
2022-07-19,290.309998,296.630005,286.839996,296.339996,296.339996,864100
2022-07-20,295.48999,303.769989,294.339996,302.790009,302.790009,1001700
2022-07-21,305.299988,308.25,300.160004,307.359985,307.359985,909100
2022-07-22,307.5,312.25,301.950012,304.5,304.5,808700
2022-07-25,306,306,298.820007,301.320007,301.320007,512800
2022-07-26,293.75,294.529999,281.570007,283.410004,283.410004,1618400
2022-07-27,285.549988,296.350006,283.940002,295.570007,295.570007,1302700
2022-07-28,295.570007,305.160004,293.359985,303.850006,303.850006,807200
2022-07-29,304.380005,310.859985,299.5,310.51001,310.51001,1384200
2022-08-01,308.089996,314.149994,305.679993,310.01001,310.01001,743600
2022-08-02,307.420013,310.420013,303.579987,305.700012,305.700012,803500
2022-08-03,311,316.970001,308.440002,315.380005,315.380005,849600
2022-08-04,316.350006,317.570007,313.670013,316.399994,316.399994,882200
2022-08-05,309.299988,321.420013,308.769989,317.799988,317.799988,1012400
2022-08-08,317.040009,326.5,315.130005,316.23999,316.23999,844500
2022-08-09,314.019989,314.5,303.160004,306.549988,306.549988,669800
2022-08-10,314,322,313.450012,319.26001,319.26001,1145800
2022-08-11,325.839996,328.940002,314.559998,316.980011,316.980011,915900
2022-08-12,320.700012,322.899994,317,321.690002,321.690002,754900
2022-08-15,320.179993,330.470001,320.140015,330.339996,330.339996,953900
2022-08-16,331,335.709991,326.26001,331.700012,331.700012,1078000
2022-08-17,327.529999,332.5,324.51001,329.799988,329.799988,772600
2022-08-18,330.570007,334.959991,328.51001,333.420013,333.420013,834100
2022-08-19,328.480011,329.019989,321.320007,322.470001,322.470001,934800
2022-08-22,317.119995,321.48999,313.519989,315.220001,315.220001,892200
2022-08-23,315.350006,322.549988,314.690002,315.929993,315.929993,689300
2022-08-24,315.100006,321.019989,313.26001,317.839996,317.839996,551800
2022-08-25,319.220001,323.589996,317.040009,323.359985,323.359985,603200
2022-08-26,323.200012,324.899994,310.140015,311.309998,311.309998,1111600
2022-08-29,304.980011,311.970001,303.660004,307.5,307.5,1165100
2022-08-30,311.359985,312,302.5,307.070007,307.070007,1179200
2022-08-31,307.959991,310.48999,295.540009,299.959991,299.959991,1915300
2022-09-01,293.970001,294.880005,283.309998,294.450012,294.450012,3467100
